"","Species","Colony","Core","Total.init","PropD.init","MaxY.init","BleachLvl","Total.bleach","PropD.bleach","MaxY.bleach","RecovTemp","Total.recov","PropD.recov","MaxY.recov","BleachLvl2","Total.bleach2","PropD.bleach2","MaxY.bleach2","Total.recov2","PropD.recov2","MaxY.recov2"
"1","Ss","Ss1","Ss1_1",0.08651248,0,0.491,"High",NA,NA,0.262,"29",0.001229113,0.648177181430837,0.396,NA,NA,NA,NA,NA,NA,NA
"2","Ss","Ss1","Ss1_3",0.852188694,0.063446223096689,0.512,"Med",0.040838773,0,0.126,"29",0.164345781,0.98642669750068,0.396,NA,NA,NA,NA,NA,NA,NA
"3","Ss","Ss1","Ss1_4",0.122974381,0,0.497,"Med",0.026531481,0,0.278,"24",0.302021729,0.0729861559066831,0.164,NA,NA,NA,NA,NA,NA,NA
"4","Ss","Ss1","Ss1_5",1.134351185,0,0.498,"Med",0.007554895,0,0.225,"29",0.004729743,0.8098568992015,0.395,NA,NA,NA,NA,NA,NA,NA
"5","Ss","Ss1","Ss1_6",0.661154664,0,0.499,"Low",0.16544061,0,0.352,"29",0.016288627,0.316900497506635,0.348,NA,NA,NA,NA,NA,NA,NA
"6","Ss","Ss1","Ss1_7",0.066161726,0,0.521,"High",0.000148912,0,0.157,"29",0.002654299,0.852894116299633,0.392,NA,NA,NA,NA,NA,NA,NA
"7","Ss","Ss1","Ss1_8",0.125539795,0.148134342580375,0.449,"Low",0.038095916,0.726934141706948,0.245,"24",0.788077033,0.996936295693317,0.395,NA,NA,NA,NA,NA,NA,NA
"8","Ss","Ss1","Ss1_11",1.134891954,0,0.5,"Med",0.579242362,0,0.171,"24",0.207104826,0.798129648606064,0.329,NA,NA,NA,NA,NA,NA,NA
"9","Ss","Ss1","Ss1_16",0.304837552,0,0.486,"High",0.001054234,0,0.228,"24",0.030943703,0.950239471985625,0.193,NA,NA,NA,NA,NA,NA,NA
"10","Ss","Ss1","Ss1_17",0.43786042,0,0.471,"Low",0.080183444,0,0.292,"29",NA,NA,0.359,NA,NA,NA,NA,NA,NA,NA
"11","Ss","Ss1","Ss1_18",0.281465274,0,0.493,"Low",0.157407015,0,0.282,"24",0.145140781,0.0777676812969609,0.52,NA,NA,NA,NA,NA,NA,NA
"12","Ss","Ss1","Ss1_21",0.187804915,0,0.534,"High",7.53813e-05,0,0.151,"24",NA,NA,0.199,NA,NA,NA,NA,NA,NA,NA
"13","Ss","Ss2","Ss2_1",0.115600743,0.989938741137676,0.483,"Low",0.083512377,0.996263990905204,0.417,"24",0.201176782,0.99690030830695,0.578,NA,NA,NA,NA,NA,NA,NA
"14","Ss","Ss2","Ss2_4",0.128683857,0.987737545044209,0.527,"High",0.031547464,1,0.409,"29",0.035942557,0.994779698060992,0.448,NA,NA,NA,NA,NA,NA,NA
"15","Ss","Ss2","Ss2_7",18.4975945,0.199124435882731,0.496,"Med",0.023499836,0.810041908377573,0.407,"29",0.098312725,1,0.461,NA,NA,NA,NA,NA,NA,NA
"16","Ss","Ss2","Ss2_8",0.492491033,0.0451786682581082,0.457,"Low",0.092214688,0.464830548469675,0.231,"29",0.043827048,0.985540093870799,0.421,NA,NA,NA,NA,NA,NA,NA
"17","Ss","Ss2","Ss2_9",0.083374809,0.686655090268333,0.538,"High",0.012204261,1,0.355,"24",NA,NA,0.409,NA,NA,NA,NA,NA,NA,NA
"18","Ss","Ss2","Ss2_11",0.088404703,0.658052004314748,0.493,"Low",0.066602862,0.743622999263906,0.428,"29",1.065719566,0.98734128336347,0.414,NA,NA,NA,NA,NA,NA,NA
"19","Ss","Ss2","Ss2_12",0.291443505,0.943187819539845,0.485,"Med",0.444366769,0.983967871818966,0.415,"24",0.18694491,1,0.408,NA,NA,NA,NA,NA,NA,NA
"20","Ss","Ss2","Ss2_14",0.085066527,0.877700085252099,0.471,"Med",0.288661038,0.997319444268055,0.406,"24",0.294798578,0.996094665694079,0.405,NA,NA,NA,NA,NA,NA,NA
"21","Ss","Ss2","Ss2_15",0.141734449,0.887441295235148,0.473,"Low",0.038699831,0.922661910332373,0.449,"24",0.147499726,0.995055211153409,0.407,NA,NA,NA,NA,NA,NA,NA
"22","Ss","Ss2","Ss2_16",0.46571078,0.960011752358406,0.5,"Med",11.625829739,0.998340078133498,0.436,"29",0.035449377,0.992661253257004,0.439,NA,NA,NA,NA,NA,NA,NA
"23","Ss","Ss2","Ss2_17",2.993822069,0.94844441672128,0.536,"High",0.0147314874,0.997092730772047,0.497,"24",0.079730543,0.992642468269657,0.404,NA,NA,NA,NA,NA,NA,NA
"24","Ss","Ss2","Ss2_19",4.459970354,0.99193078649778,0.501,"Med",0.033250313,0.98158357185991,0.41,"29",NA,NA,0.42,NA,NA,NA,NA,NA,NA,NA
"25","Ss","Ss4","Ss4_1",NA,NA,NA,"Low",0.037175603,0.529234939376773,NA,"29",0.502982954,0.970887918002883,NA,NA,NA,NA,NA,NA,NA,NA
"26","Ss","Ss4","Ss4_2",NA,NA,0.467,"Med",NA,NA,0.304,"24",NA,NA,0.372,NA,NA,NA,NA,NA,NA,NA
"27","Ss","Ss4","Ss4_4",0.14741092,0.231539373066799,0.49,"High",0.013146841,1,0.358,"29",0.082466332,0.995443631468901,0.411,NA,NA,NA,NA,NA,NA,NA
"28","Ss","Ss4","Ss4_5",0.137477464,0.394191596376843,0.449,"Low",0.032693244,0.438716053995743,0.35,"24",0.160504315,0.75334015163393,0.406,NA,NA,NA,NA,NA,NA,NA
"29","Ss","Ss4","Ss4_6",0.637477569,0.257823760383952,0.507,"High",0.005771405,0.981223636185643,0.295,"29",0.150739758,0.994100295689741,0.403,NA,NA,NA,NA,NA,NA,NA
"30","Ss","Ss4","Ss4_8",85.60034432,0.704717286468971,0.454,"Med",3.878338431,0.955806391306649,0.34,"29",0.127178282,0.99371585315172,0.435,NA,NA,NA,NA,NA,NA,NA
"31","Ss","Ss4","Ss4_9",0.13260979,0.598437950923533,0.461,"Med",0.088716461,0.971171821202381,0.287,"24",0.15624872,0.995095127819287,0.392,NA,NA,NA,NA,NA,NA,NA
"32","Ss","Ss4","Ss4_10",0.112821218,0.100259288106604,0.482,"Low",0.039797642,0.28471907958768,0.279,"24",0.284921251,0.70757210384423,0.553,NA,NA,NA,NA,NA,NA,NA
"33","Ss","Ss4","Ss4_12",0.103895486,0.548396039073343,0.519,"High",0.010748649,0.980856943044656,0.301,"24",0.176039012,0.992425866375574,0.403,NA,NA,NA,NA,NA,NA,NA
"34","Ss","Ss4","Ss4_15",0.309310873,0.264314280991991,0.476,"Med",0.027904236,0.845103911821847,0.299,"29",0.083089478,0.984634071235831,0.409,NA,NA,NA,NA,NA,NA,NA
"35","Ss","Ss4","Ss4_16",0.51344107,0.385681725850252,0.458,"Med",0.110389239,0.679264606579995,0.235,"24",0.221076046,0.956287842238684,0.376,NA,NA,NA,NA,NA,NA,NA
"36","Ss","Ss4","Ss4_18",0.137273359,0.159792899072281,0.524,"High",0.010504094,0.971073088264442,0.362,"24",0.129685926,0.992065846836765,0.373,NA,NA,NA,NA,NA,NA,NA
"37","Ss","Ss4","Ss4_19",0.113269482,0.525788764532357,0.462,"Low",0.139718198,0.823524770910658,0.334,"29",0.143620541,0.993752321264407,0.405,NA,NA,NA,NA,NA,NA,NA
"38","Ss","Ss4","Ss4_20",0.053645091,0.694837315123578,0.469,"Low",0.073533075,0.500757720250377,0.358,"29",0.183624165,0.962920277949256,0.419,NA,NA,NA,NA,NA,NA,NA
"39","Ss","Ss4","Ss4_24",0.23465357,0.770118754212859,0.49,"High",0.032940838,0.996486762115766,0.4,"29",0.120651095,0.995838297199043,0.419,NA,NA,NA,NA,NA,NA,NA
"40","Ss","Ss5","Ss5_3",0.1501274214,0.000646513468991082,0.451,"Low",0.073595842,0,0.235,"24",0.7104954,0.906328433653476,0.511,NA,NA,NA,NA,NA,NA,NA
"41","Ss","Ss5","Ss5_5",0.579909232,0.0223955841420369,0.498,"Med",0.002257686,0,0.321,"24",0.004872777,0.900539466509549,0.258,NA,NA,NA,NA,NA,NA,NA
"42","Ss","Ss5","Ss5_8",0.003211233,0,0.564,"High",4.35467e-06,0,0.186,"24",0.012600721,0.949279410281364,0.207,NA,NA,NA,NA,NA,NA,NA
"43","Ss","Ss5","Ss5_9",0.144355654,0,0.494,"Low",0.078225932,0.142080608256607,0.301,"29",0.111134404,0.988920478666534,0.324,NA,NA,NA,NA,NA,NA,NA
"44","Ss","Ss5","Ss5_11",0.214660895,0.037093425889238,0.498,"Med",0.001402842,0,0.298,"29",NA,NA,0.311,NA,NA,NA,NA,NA,NA,NA
"45","Ss","Ss5","Ss5_12",23.19657322,0,0.463,"Low",0.013611068,0,0.361,"24",0.001633735,0.835888929355128,0.179,NA,NA,NA,NA,NA,NA,NA
"46","Ss","Ss5","Ss5_14",0.066034316,0,0.484,"Low",0.010739189,0.0828067184589078,0.352,"29",0.36242164,0.992095196081558,0.338,NA,NA,NA,NA,NA,NA,NA
"47","Ss","Ss5","Ss5_16",0.073954162,0.0207623744015922,0.545,"High",6.75929e-06,0,0.169,"29",0.131456023,0.984039217434716,0.287,NA,NA,NA,NA,NA,NA,NA
"48","Ss","Ss5","Ss5_18",NA,NA,0.501,"Med",0.366976435,0,0.34,"29",0.889620244,0.999157910349891,0.276,NA,NA,NA,NA,NA,NA,NA
"49","Ss","Ss5","Ss5_19",0.06611311,0,0.504,"Med",0.0001857517,0.817139224028636,0.288,"24",0.016333204,0.89184087825022,0.255,NA,NA,NA,NA,NA,NA,NA
"50","Ss","Ss6","Ss6_1",5.121538841,0.780801957018683,0.469,"Med",25.230308933,0.995514519330678,0.359,"29",0.104638304,0.998214191239185,0.418,NA,NA,NA,NA,NA,NA,NA
"51","Ss","Ss6","Ss6_3",0.422046379,0.853042264817062,0.5,"High",0.016483565,1,0.403,"24",0.253220038,0.995176250625158,0.419,NA,NA,NA,NA,NA,NA,NA
"52","Ss","Ss6","Ss6_4",0.031321745,0.864916019206465,0.438,"Low",0.014689861,0.814105661040632,0.391,"24",0.106166489,0.977696964246411,0.423,NA,NA,NA,NA,NA,NA,NA
"53","Ss","Ss6","Ss6_5",0.104824367,0.754349224927826,0.445,"Med",0.016190509,0.890244525357418,0.352,"24",0.113307453,0.984749891077333,0.424,NA,NA,NA,NA,NA,NA,NA
"54","Ss","Ss6","Ss6_6",0.065601822,0.496855666600236,0.459,"Low",0.112463229,0.768139975778216,0.326,"29",0.153263475,0.994720477269617,0.41,NA,NA,NA,NA,NA,NA,NA
"55","Ss","Ss6","Ss6_9",0.080111865,0.301319785777051,0.477,"Low",0.041326487,0.207795354103048,0.257,"29",0.182570769,0.994801692487805,0.411,NA,NA,NA,NA,NA,NA,NA
"56","Ss","Ss6","Ss6_11",0.438348712,0.128385245489212,0.484,"Med",0.013400631,0.690032357431527,0.291,"29",0.401069446,0.995084980868874,0.364,NA,NA,NA,NA,NA,NA,NA
"57","Ss","Ss6","Ss6_14",0.132632135,0.254550030428146,0.461,"Low",0.042968603,0.507976556743071,0.312,"24",0.203757669,0.944592127229331,0.573,NA,NA,NA,NA,NA,NA,NA
"58","Ss","Ss6","Ss6_16",0.06695031,0.446751434011284,0.478,"Med",NA,NA,0.306,"24",0.166891657,0.992461876030148,0.435,NA,NA,NA,NA,NA,NA,NA
"59","Ss","Ss6","Ss6_18",9.357640307,0.583882093428279,0.504,"High",0.032976698,1,0.333,"29",0.15103021,0.997589833186354,0.415,NA,NA,NA,NA,NA,NA,NA
"60","Ss","Ss7","Ss7_1",0.114761915,0.00906737222013069,0.533,"High",0.00088807,0.290122400261241,0.221,"29",0.064972858,0.987016424612259,0.309,NA,NA,NA,NA,NA,NA,NA
"61","Ss","Ss7","Ss7_4",0.148393937,0.523308603908797,0.479,"High",0.007058161,0.672819166352255,0.291,"29",0.096717695,0.960064174399524,0.318,NA,NA,NA,NA,NA,NA,NA
"62","Ss","Ss7","Ss7_6",0.038029374,0.0708839961446644,0.517,"High",0.00234739,0.0974213914177022,0.268,"24",0.116116457,0.456324808463627,0.43,NA,NA,NA,NA,NA,NA,NA
"63","Ss","Ss7","Ss7_11",1.935379578,0.155562030530013,0.502,"High",0.022544072,0.834927913643995,0.29,"29",0.062369477,0.956792727314356,0.346,NA,NA,NA,NA,NA,NA,NA
"64","Ss","Ss7","Ss7_13",0.108374151,0.0975436845636742,0.545,"High",0.008197686,0.933694459631657,0.286,"24",0.146651568,0.990365837752243,0.414,NA,NA,NA,NA,NA,NA,NA
"65","Ss","Ss8","Ss8_4",NA,NA,0.459,"Med",0.021852235,0.87506477026263,0.25,"24",0.182943996,0.984434187170592,0.37,NA,NA,NA,NA,NA,NA,NA
"66","Ss","Ss8","Ss8_6",1.565072883,0.536890909763466,0.444,"Low",0.160217184,0.862422360388009,0.274,"24",0.137626717,0.977967461070804,0.419,NA,NA,NA,NA,NA,NA,NA
"67","Ss","Ss8","Ss8_7",0.076371422,0,0.461,"Low",0.113224014,0,0.213,"24",0.137892814,0.543330024434776,0.572,NA,NA,NA,NA,NA,NA,NA
"68","Ss","Ss8","Ss8_11",0.610819637,0.0136764987468797,0.521,"High",0.001712415,0.256366009407766,0.281,"24",0.108143542,0.997057753111138,0.407,NA,NA,NA,NA,NA,NA,NA
"69","Ss","Ss8","Ss8_12",0.144258635,0.340650790158939,0.475,"Med",0.013575639,0.763858482094287,0.252,"29",0.095639824,0.997260712232176,0.33,NA,NA,NA,NA,NA,NA,NA
"70","Ss","Ss8","Ss8_15",0.192464237,0,0.534,"High",7.55302e-05,0,0.244,"24",0.394547591,0.990621202398876,0.389,NA,NA,NA,NA,NA,NA,NA
"71","Ss","Ss8","Ss8_17",2.73463688,0.979262799234976,0.507,"High",0.032943536,1,0.223,"29",0.131054846,0.9905903365069,0.337,NA,NA,NA,NA,NA,NA,NA
"72","Ss","Ss8","Ss8_20",0.141050912,0.0236805700341732,0.453,"Low",0.064361242,0.082967308182151,0.15,"29",0.338570217,0.995089467659821,0.288,NA,NA,NA,NA,NA,NA,NA
"73","Ss","Ss8","Ss8_22",0.193058957,0.977175640703373,0.428,"Low",0.107785945,0.956319369839917,0.345,"29",0.190798023,0.996174137506655,0.365,NA,NA,NA,NA,NA,NA,NA
"74","Ss","Ss8","Ss8_23",0.182866184,0.238617983082099,0.45,"Med",0.068293958,0.957565352999456,0.247,"24",0.300912604,0.995128160201624,0.403,NA,NA,NA,NA,NA,NA,NA
"75","Ss","Ss8","Ss8_25",0.697490751,0.944212982115945,0.452,"Med",3.289664673,0.948209927170288,0.275,"29",0.052066396,0.982318806932594,0.375,NA,NA,NA,NA,NA,NA,NA
"76","Ss","Ss8","Ss8_26",0.143683507,0.815793116742341,0.501,"High",0.003330995,0.964943207660174,0.275,"29",0.08906218,0.993568706717037,0.336,NA,NA,NA,NA,NA,NA,NA
"77","Ss","Ss9","Ss9_2",0.412932331,0.999098474563378,0.434,"Low",0.01895363,0.953945972354636,0.327,"24",0.284914422,0.994837084800151,0.572,NA,NA,NA,NA,NA,NA,NA
"78","Ss","Ss9","Ss9_4",0.256170468,1,0.427,"Med",0.050173719,1,0.303,"24",0.258201264,0.994421530020085,0.412,NA,NA,NA,NA,NA,NA,NA
"79","Ss","Ss9","Ss9_7",0.757177083,0.998934022148687,0.485,"High",0.087163603,1,0.378,"29",0.119776592,0.995109069391455,0.366,NA,NA,NA,NA,NA,NA,NA
"80","Ss","Ss9","Ss9_9",0.304574102,0.997605948781555,0.459,"Med",0.016514339,0.987526657894088,0.321,"29",0.290216138,0.998511306080436,0.379,NA,NA,NA,NA,NA,NA,NA
"81","Ss","Ss9","Ss9_14",NA,NA,0.473,"High",0.019547985,0.988690445588126,0.304,"29",0.213361313,0.996675132946899,0.401,NA,NA,NA,NA,NA,NA,NA
"82","Ss","Ss9","Ss9_15",0.090486228,0.998712356536732,0.456,"Low",0.110642556,0.995087993086494,0.327,"29",0.457748251,0.988581162268603,0.414,NA,NA,NA,NA,NA,NA,NA
"83","Ss","Ss9","Ss9_16",0.152057759,0.988685694098648,0.453,"Low",0.047940884,0.987454632668017,0.364,"29",0.116564498,0.989955783964342,0.336,NA,NA,NA,NA,NA,NA,NA
"84","Ss","Ss9","Ss9_17",0.630282256,0.996694157291967,0.499,"High",0.011413117,1,0.272,"24",0.401149401,0.998702433560408,0.407,NA,NA,NA,NA,NA,NA,NA
"85","Ss","Ss9","Ss9_19",0.268162648,0.971215368517691,NA,"Low",0.025940496,0.981099089238695,NA,"24",NA,NA,NA,NA,NA,NA,NA,NA,NA,NA
"86","Ss","Ss9","Ss9_21",3.392256865,0.999061461992207,0.44,"Med",0.045102494,1,0.356,"29",0.132980522,0.990906337395788,0.409,NA,NA,NA,NA,NA,NA,NA
"87","Ss","Ss9","Ss9_25",0.473148869,1,0.429,"Med",0.042847404,1,0.329,"24",0.110970097,0.990551679881833,0.402,NA,NA,NA,NA,NA,NA,NA
"88","Ss","Ss9","Ss9_26",0.8840828186,0.999954769395854,0.49,"High",0.001251569,0.693237847853375,0.423,"24",0.227587297,0.98933065231668,0.396,NA,NA,NA,NA,NA,NA,NA
"89","Ss","Ss10","Ss10_1",0.266748321,0.117865154247775,0.484,"Med",27.092219027,0.667092244529269,0.179,"29",0.08632658,0.993547306055678,0.416,NA,NA,NA,NA,NA,NA,NA
"90","Ss","Ss10","Ss10_2",0.150179364,0.0721427479210792,0.471,"Med",0.010198105,0.295963122560515,0.138,"24",0.24119887,0.935980006871508,0.351,NA,NA,NA,NA,NA,NA,NA
"91","Ss","Ss10","Ss10_4",0.317622498,0.071384971602358,0.525,"High",0.00022202,0.937487613728493,0.245,"24",0.566712061,0.997313559910277,0.4,NA,NA,NA,NA,NA,NA,NA
"92","Ss","Ss10","Ss10_6",0.128439961,0.044239424831342,0.485,"Med",0.003531473,0.622622061672282,0.158,"29",0.061380107,0.993578636153241,0.364,NA,NA,NA,NA,NA,NA,NA
"93","Ss","Ss10","Ss10_7",0.108289013,0.406411147177046,0.438,"Low",0.019886971,0.605977300414427,0.256,"24",NA,NA,0.394,NA,NA,NA,NA,NA,NA,NA
"94","Ss","Ss10","Ss10_10",0.175030435,0.253422394796654,0.484,"Med",0.211667199,0.777623045883458,0.191,"24",0.09684051,0.993762073330675,0.383,NA,NA,NA,NA,NA,NA,NA
"95","Ss","Ss10","Ss10_11",0.063267711,0.118384779243871,0.454,"Low",0.018066081,0.102498211980783,0.166,"24",0.046179699,0.916558637595278,0.568,NA,NA,NA,NA,NA,NA,NA
"96","Ss","Ss10","Ss10_14",0.10799027,0.0879975390375448,0.527,"High",0.000414995,1,0.209,"29",0.026065303,0.987151118097495,0.39,NA,NA,NA,NA,NA,NA,NA
"97","Ss","Ss10","Ss10_17",0.166851318,0.379142800658009,0.524,"High",0.002758058,1,0.304,"29",0.092616025,0.994101517528959,0.347,NA,NA,NA,NA,NA,NA,NA
"98","Ss","Ss10","Ss10_18",0.479159602,0.558969643688785,0.518,"High",0.0056556416,0.99259313037092,0.326,"24",0.767299662,0.9935665304646,0.393,NA,NA,NA,NA,NA,NA,NA
"99","Ss","Ss10","Ss10_22",0.1191854,0.201238314424418,0.49,"Med",0.002875784,0.647265928178194,0.202,"24",0.124283639,0.996613262989507,0.414,NA,NA,NA,NA,NA,NA,NA
"100","Ss","Ss10","Ss10_23",0.122827814,0.269034373598801,0.466,"Low",0.099124724,0.342442759285766,0.235,"29",NA,NA,0.366,NA,NA,NA,NA,NA,NA,NA
"101","Ss","Ss10","Ss10_24",0.129040714,0.192360226711083,0.468,"Low",0.019540672,0.502840639257442,0.216,"29",0.28303298,0.994300473393595,0.407,NA,NA,NA,NA,NA,NA,NA
"102","Ss","Ss10","Ss10_25",0.083437578,0.00762808575292058,0.47,"Low",0.029771848,0,0.096,"24",0.154969423,0.815213843830341,0.554,NA,NA,NA,NA,NA,NA,NA
"103","Ss","Ss10","Ss10_26",0.05403663,0.126272012151757,0.465,"Low",0.026913082,0.281175749399493,0.188,"29",0.073688809,0.980984602424501,0.372,NA,NA,NA,NA,NA,NA,NA
"104","Ss","Ss11","Ss11_3",0.224894058,0,0.467,"Low",0.043717211,0,0.252,"29",0.046361635,0.344935203428438,0.249,NA,NA,NA,NA,NA,NA,NA
"105","Ss","Ss11","Ss11_4",0.366805453,0,0.475,"Low",0.023766507,0,0.312,"24",NA,NA,0.427,NA,NA,NA,NA,NA,NA,NA
"106","Ss","Ss11","Ss11_8",1.877573648,0,0.525,"High",0.009796752,0.167040055724591,0.4,"24",0.249977432,0.997373206874131,0.379,NA,NA,NA,NA,NA,NA,NA
"107","Ss","Ss11","Ss11_9",0.332261401,0,0.48,"Med",0.022738794,0,0.181,"24",0.025737886,0.683185557663905,0.318,NA,NA,NA,NA,NA,NA,NA
"108","Ss","Ss11","Ss11_10",2.142668791,0,0.485,"Med",0.006143292,0,0.215,"24",0.116474096,0.646851279275007,0.349,NA,NA,NA,NA,NA,NA,NA
"109","Ss","Ss11","Ss11_11",0.185803131,0,0.502,"Med",0.004088677,0.403818888114664,0.183,"29",0.00990029,0.949695715984077,0.319,NA,NA,NA,NA,NA,NA,NA
"110","Ss","Ss11","Ss11_12",0.211525465,0,0.524,"High",0.000182746,0,0.154,"29",0.110334211,0.768275181666002,0.26,NA,NA,NA,NA,NA,NA,NA
"111","Ss","Ss11","Ss11_13",0.336594072,0,0.497,"Med",0.099465322,0,0.173,"29",0.066223747,0.921064221871952,0.323,NA,NA,NA,NA,NA,NA,NA
"112","Ss","Ss11","Ss11_16",0.191374337,0,0.488,"Low",0.034271003,0.0276423774349411,0.263,"24",0.186014994,0.100498522178271,0.591,NA,NA,NA,NA,NA,NA,NA
"113","Ss","Ss11","Ss11_19",0.143103708,0,0.548,"High",0.000138936,0,0.214,"24",0.340859032,0.373366318777787,0.351,NA,NA,NA,NA,NA,NA,NA
"114","Ss","Ss11","Ss11_20",0.104897482,0,0.517,"High",0.000265427,0,0.194,"29",0.060036233,0.991192168902403,0.316,NA,NA,NA,NA,NA,NA,NA
"115","Ss","Ss11","Ss11_21",0.0535441,0,0.472,"Low",0.028329721,0,0.298,"29",0.219373407,0.962028975553997,0.277,NA,NA,NA,NA,NA,NA,NA
"116","Ss","Ss12","Ss12_1",0.178222322,0.97145984889592,0.483,"High",0.008652956,0.953850684089923,0.4,"29",0.043594717,0.986924608318939,0.419,NA,NA,NA,NA,NA,NA,NA
"117","Ss","Ss12","Ss12_3",0.429959555,0.948403416688809,0.436,"Med",0.12976301,0.972773257956948,0.373,"29",0.049309039,0.996612446655065,0.437,NA,NA,NA,NA,NA,NA,NA
"118","Ss","Ss12","Ss12_4",2.567405575,0.954032866038316,0.437,"Med",1.342245046,1,0.321,"24",0.136035184,0.997152302892464,0.405,NA,NA,NA,NA,NA,NA,NA
"119","Ss","Ss12","Ss12_6",0.273805489,0.610222835963672,0.48,"High",0.008630298,0.919772063490739,0.325,"29",0.080912244,0.991250656699127,0.432,NA,NA,NA,NA,NA,NA,NA
"120","Ss","Ss12","Ss12_13",0.139557745,0.947772350434582,0.435,"Med",4.028221669,1,0.348,"24",0.138595337,0.995003453831928,0.4,NA,NA,NA,NA,NA,NA,NA
"121","Ss","Ss12","Ss12_14",0.070533341,0.872645335203957,0.431,"Low",0.017745645,0.955661910288412,0.342,"24",0.347174229,0.997628830335791,0.395,NA,NA,NA,NA,NA,NA,NA
"122","Ss","Ss12","Ss12_15",0.179124008,0.823093937245978,0.521,"High",0.003916003,1,0.303,"24",0.135997743,0.993551540042837,0.398,NA,NA,NA,NA,NA,NA,NA
"123","Ss","Ss12","Ss12_16",0.220940904,0.56338960213542,0.449,"Med",0.026882993,0.932576294611244,0.283,"29",0.033001824,0.983933372894783,0.394,NA,NA,NA,NA,NA,NA,NA
"124","Ss","Ss12","Ss12_17",0.409855841,0.608705571674407,0.493,"High",NA,NA,0.279,"24",1.645851174,0.947847027510156,0.422,NA,NA,NA,NA,NA,NA,NA
"125","Ss","Ss12","Ss12_19",0.075463482,0.849646110949399,0.459,"Low",0.045642844,0.921610932044462,0.37,"24",0.111802865,0.980330360943792,0.568,NA,NA,NA,NA,NA,NA,NA
"126","Ss","Ss12","Ss12_20",0.05168916,0.933849553755565,0.433,"Low",0.155332565,0.959941484259917,0.342,"29",0.113677832,0.992253335725122,0.417,NA,NA,NA,NA,NA,NA,NA
"127","Ss","Ss12","Ss12_21",0.051815631,0.827386295845746,0.447,"Low",0.053486558,0.88545224764697,0.354,"29",0.226658629,0.997945924220692,0.405,NA,NA,NA,NA,NA,NA,NA
"128","Ss","Ss13","Ss13_2",0.158024417,0,0.475,"Med",0.018343232,0,0.094,"29",0.492080593,0.999029939390436,0.3,NA,NA,NA,NA,NA,NA,NA
"129","Ss","Ss13","Ss13_4",0.087103583,0,0.526,"High",7.17889e-05,0,0.291,"24",0.143129111,0.996778810426623,0.42,NA,NA,NA,NA,NA,NA,NA
"130","Ss","Ss13","Ss13_6",0.132539593,0,0.436,"Low",0.366286203,0,0.359,"24",0.096475434,0.0238062572488661,0.423,NA,NA,NA,NA,NA,NA,NA
"131","Ss","Ss13","Ss13_7",0.611031152,0,0.481,"High",0.000194396,0,0.189,"29",0.780901096,0.994416044461538,0.321,NA,NA,NA,NA,NA,NA,NA
"132","Ss","Ss13","Ss13_8",0.100291997,0,0.457,"Low",0.034952993,0,0.153,"29",0.631891461,0.985236279367921,0.297,NA,NA,NA,NA,NA,NA,NA
"133","Ss","Ss13","Ss13_10",0.107199823,0,0.414,"Low",0.060144554,0,0.179,"29",0.423900062,0.864975289859712,0.28,NA,NA,NA,NA,NA,NA,NA
"134","Ss","Ss13","Ss13_15",0.401083133,0,0.443,"Low",0.028846504,0,0.138,"24",0.036004746,0.0768871414896247,0.593,NA,NA,NA,NA,NA,NA,NA
"135","Ss","Ss13","Ss13_16",0.430159463,0,0.521,"High",0.000124579,0,0.244,"24",0.100185119,0.989051916981802,0.384,NA,NA,NA,NA,NA,NA,NA
"136","Ss","Ss13","Ss13_18",0.083295904,0,0.48,"Med",0.003764428,0,0.08,"29",0.067523156,0.994724891117352,0.348,NA,NA,NA,NA,NA,NA,NA
"137","Ss","Ss13","Ss13_19",0.154857803,0,0.458,"Med",0.003799973,0,0.109,"24",0.082649511,0.95239449148102,0.332,NA,NA,NA,NA,NA,NA,NA
"138","Ss","Ss13","Ss13_21",0.240404936,0,0.457,"Med",0.003445843,0,0.106,"24",0.227975667,0.9617474614078,0.328,NA,NA,NA,NA,NA,NA,NA
"139","Of","Of1","Of1_1",0.511249968,0.348044565549978,0.468,"Low",0.119170219,0.237650633167,0.37,"29",1.150683024,0.0667576677484728,0.47,NA,NA,NA,NA,NA,NA,NA
"140","Of","Of1","Of1_10",0.196237908,0.90106401358498,0.42,"Low",0.23697582,0.913983148154103,0.362,"24",0.153283336,0.704993979254209,0.46,NA,NA,NA,NA,NA,NA,NA
"141","Of","Of1","Of1_11",0.428745449,0.0520695392850689,0.532,"High",0.005479569,0.31575895841443,0.266,"29",0.552237746,0.98666808624849,0.445,NA,NA,NA,NA,NA,NA,NA
"142","Of","Of1","Of1_12",0.302346694,0.0767649405817548,0.486,"Low",0.075511821,0.2043670619465,0.346,"24",0.195645106,0.225386169383659,0.475,NA,NA,NA,NA,NA,NA,NA
"143","Of","Of1","Of1_13",0.333182707,0.83005194804423,0.434,"Med",0.244446047,0.908684675927691,0.297,"24",0.223571372,0.763166864673533,0.461,NA,NA,NA,NA,NA,NA,NA
"144","Of","Of1","Of1_14",0.104148198,0.194176965020557,0.479,"Low",0.122889835,0.125935306203316,0.373,"29",0.082144859,0.09397650801251,0.466,NA,NA,NA,NA,NA,NA,NA
"145","Of","Of1","Of1_15",0.261684946,0.893437630149348,0.433,"Med",0.378264297,0.98829886924274,NA,"24",0.225354239,0.918346763381718,0.448,NA,NA,NA,NA,NA,NA,NA
"146","Of","Of1","Of1_16",0.313477763,0.79265393698755,0.461,"Med",0.13626314,0.861865336436545,0.324,"24",0.126544737,0.519018937942872,0.489,NA,NA,NA,NA,NA,NA,NA
"147","Of","Of1","Of1_17",0.165089252,0.131317640230147,0.494,"Low",0.192952208,0.027950465329736,0.334,"24",0.212108146,0.0612805130077371,0.469,NA,NA,NA,NA,NA,NA,NA
"148","Of","Of1","Of1_18",0.571571287,0.124581333281705,0.556,"High",0.010263996,0.405699008456356,0.247,"29",0.134426251,0.990691713927215,0.487,NA,NA,NA,NA,NA,NA,NA
"149","Of","Of1","Of1_19",0.236488132,0.763860568698644,0.432,"Med",0.398768976,0.815716619339013,0.284,"24",0.242417131,0.528618519951051,0.463,NA,NA,NA,NA,NA,NA,NA
"150","Of","Of1","Of1_2",0.297627829,0.8459634969148,0.387,"Low",0.179338816,0.932362183098164,0.352,"29",0.503184632,0.867644707797833,0.421,NA,NA,NA,NA,NA,NA,NA
"151","Of","Of1","Of1_20",0.678533572,0.787996175965189,0.525,"High",0.024993036,1,0.302,"29",0.625072632,0.952187815511334,0.482,NA,NA,NA,NA,NA,NA,NA
"152","Of","Of1","Of1_21",0.268247578,0.377380484680462,0.511,"High",0.081250179,0.927910374203606,0.258,"24",0.591830836,0.94145319423674,0.474,NA,NA,NA,NA,NA,NA,NA
"153","Of","Of1","Of1_22",0.124860623,0.706145571610675,0.46,"Med",0.054630919,0.691814739561676,0.342,"29",0.270932789,0.494634748694076,0.438,NA,NA,NA,NA,NA,NA,NA
"154","Of","Of1","Of1_23",0.311647139,0.0305342735714959,0.51,"Med",0.017561938,0.106632878444281,NA,"24",0.319249073,0.133394558047785,0.471,NA,NA,NA,NA,NA,NA,NA
"155","Of","Of1","Of1_3",0.558991735,0.876225239716648,0.454,"Med",0.107479909,0.555915422295343,0.313,"24",0.172594662,0.534510493725466,0.482,NA,NA,NA,NA,NA,NA,NA
"156","Of","Of1","Of1_4",0.649251931,0.84328462628785,0.436,"Med",0.062876993,0.933951580667988,0.328,"29",1.509967793,0.917096441009984,0.471,NA,NA,NA,NA,NA,NA,NA
"157","Of","Of1","Of1_6",0.345716013,0.641781579842528,0.476,"Med",0.15339992,0.667845504743418,NA,"24",0.638011945,0.588310543308088,0.461,NA,NA,NA,NA,NA,NA,NA
"158","Of","Of1","Of1_7",0.286958384,0.887963287387345,0.501,"High",0.132829274,0.957407702160594,0.287,"24",0.409061159,0.969971238457279,0.475,NA,NA,NA,NA,NA,NA,NA
"159","Of","Of1","Of1_8",0.393571468,0.797679398853171,0.51,"High",0.035849421,0.692622288097763,0.311,"24",0.417329686,0.937628328697422,0.459,NA,NA,NA,NA,NA,NA,NA
"160","Of","Of1","Of1_9",0.191777633,0.676068282686543,0.487,"Med",0.042028024,0.492728137777784,0.344,"29",0.100445413,0.663695583590263,0.438,NA,NA,NA,NA,NA,NA,NA
"161","Of","Of2","Of2_1",0.054184016,0.0147356556221303,0.494,"Low",0.020948257,0,0.329,"29",0.029903616,0,0.477,NA,NA,NA,NA,NA,NA,NA
"162","Of","Of2","Of2_10",0.022932419,0.100578399513806,0.567,"High",0.002989129,0.732366184263041,0.305,"29",0.076788584,0.914792998396741,0.489,NA,NA,NA,NA,NA,NA,NA
"163","Of","Of2","Of2_11",0.006917661,0.020442892474783,0.517,"Med",0.00925088,0,NA,"24",0.084594025,0.0142637851786814,0.482,NA,NA,NA,NA,NA,NA,NA
"164","Of","Of2","Of2_12",0.072103827,0.0337097086400143,0.514,"Med",0.012238429,0.0874518289888351,0.266,"29",0.05274522,0.291068650391448,0.488,NA,NA,NA,NA,NA,NA,NA
"165","Of","Of2","Of2_13",0.115815667,0.0130070226163788,0.485,"Low",0.003161098,0.19452702826676,0.3,"29",0.04860579,0.0845904366537402,0.464,NA,NA,NA,NA,NA,NA,NA
"166","Of","Of2","Of2_14",0.03065323,0.41294476960503,0.487,"Med",0.014205601,0.0380789943346994,0.228,"24",0.087565376,0.015795683901363,0.499,NA,NA,NA,NA,NA,NA,NA
"167","Of","Of2","Of2_15",0.070674239,0.0884538282753918,0.52,"Med",0.002928923,0.316324123235742,NA,"24",0.062772013,0.244863519033554,0.473,NA,NA,NA,NA,NA,NA,NA
"168","Of","Of2","Of2_17",0.041248749,0.208110553849766,0.559,"High",0.002088544,1,0.242,"29",0.043593491,0.753746172794466,0.485,NA,NA,NA,NA,NA,NA,NA
"169","Of","Of2","Of2_18",0.121709877,0.251972615172391,0.523,"Med",0.003676384,0.144432137665706,0.246,"29",0.050706961,0.0537722818766441,0.482,NA,NA,NA,NA,NA,NA,NA
"170","Of","Of2","Of2_19",0.102602656,0.0513121902029515,0.518,"Med",0.008001141,0.0772564812943554,NA,"24",0.15692414,0.0443226007164991,0.478,NA,NA,NA,NA,NA,NA,NA
"171","Of","Of2","Of2_2",0.025999512,0.128552258980861,0.501,"Med",0.012267116,0.0507120826117565,0.243,"24",0.277521708,0.0148929719040213,0.484,NA,NA,NA,NA,NA,NA,NA
"172","Of","Of2","Of2_20",0.05868991,0.0155255647861787,0.539,"High",0.010813152,0.0321056247059137,0.252,"29",0.015093824,0.863536039641114,0.451,NA,NA,NA,NA,NA,NA,NA
"173","Of","Of2","Of2_21",0.096990856,0.105962896131157,0.479,"Low",0.014405187,0.11189469459855,0.338,"29",0.007861968,0.0616049314878921,0.47,NA,NA,NA,NA,NA,NA,NA
"174","Of","Of2","Of2_22",0.031671814,0.072478702988089,0.514,"Low",0.010939831,0.0608703187462402,0.321,"24",0.105871085,0.0443269378036505,0.481,NA,NA,NA,NA,NA,NA,NA
"175","Of","Of2","Of2_23",0.082878585,0.0303258073240512,0.503,"Med",0.008808905,0.127658545528644,0.261,"24",0.159302842,0.0490093202480342,0.458,NA,NA,NA,NA,NA,NA,NA
"176","Of","Of2","Of2_24",0.028342698,0.133649908699588,0.551,"High",0.004725369,0.203802285070224,0.263,"24",0.017941259,0.378913319293813,0.471,NA,NA,NA,NA,NA,NA,NA
"177","Of","Of2","Of2_25",0.093453461,0.080061400829232,0.522,"Med",0.00992435,0.063988271272174,0.282,"29",0.06561599,0.124691313809332,0.445,NA,NA,NA,NA,NA,NA,NA
"178","Of","Of2","Of2_26",0.104834488,0.0454117923483348,0.511,"Med",0.004501583,0.073470376976277,0.268,"24",0.186443818,0.00861216540845565,0.495,NA,NA,NA,NA,NA,NA,NA
"179","Of","Of2","Of2_27",0.189082713,0.0558915716425118,0.52,"Med",0.010075018,0.304033699989419,NA,"24",0.128220064,0.126523903466465,0.482,NA,NA,NA,NA,NA,NA,NA
"180","Of","Of2","Of2_28",0.050117789,0.0267031931516372,0.566,"High",0.003984687,0.0792227846252416,0.229,"24",0.170406944,0.0651471221736128,0.511,NA,NA,NA,NA,NA,NA,NA
"181","Of","Of2","Of2_29",0.104438955,0.0682561406325829,0.55,"High",0.001859158,0.091782946903921,0.274,"29",0.040226189,0.721615885611237,0.458,NA,NA,NA,NA,NA,NA,NA
"182","Of","Of2","Of2_3",0.073849048,0.0981641090349601,0.487,"Low",0.003583061,0.0849050574355279,0.32,"29",NA,NA,0,NA,NA,NA,NA,NA,NA,NA
"183","Of","Of2","Of2_30",0.038802227,0.093944427468042,0.513,"Low",0.006814034,0.322550048913757,0.352,"24",0.051515684,0.0271244384525691,0.455,NA,NA,NA,NA,NA,NA,NA
"184","Of","Of2","Of2_4",0.038156665,0.197639599792068,0.514,"Med",0.009049158,0.235861944282551,0.312,"29",0.037804223,0.228853374396823,0.457,NA,NA,NA,NA,NA,NA,NA
"185","Of","Of2","Of2_5",0.062469265,0.0323084960260057,0.49,"Low",0.007730912,0.0888800700357215,0.326,"24",0.051745198,0.00929614763480082,0.446,NA,NA,NA,NA,NA,NA,NA
"186","Of","Of2","Of2_7",0.023139864,0.0256275922797126,0.561,"High",0.006843307,0.131656083820293,0.211,"24",0.073481743,0.158659981704571,0.475,NA,NA,NA,NA,NA,NA,NA
"187","Of","Of2","Of2_8",0.062038719,0.134445022954133,0.568,"High",0.004563887,0.325615204758575,0.218,"24",0.207762008,0.474543541184873,0.497,NA,NA,NA,NA,NA,NA,NA
"188","Of","Of2","Of2_9",0.056761387,0.085750371110558,0.512,"Low",0.004429184,0.125594466159004,0.338,"24",0.033407962,0.114121777317635,0.477,NA,NA,NA,NA,NA,NA,NA
"189","Of","Of3","Of3_1",0.030725568,0,0.501,"Low",0.018865328,0.00939352869984556,0.363,"29",0.035655936,0,0.474,NA,NA,NA,NA,NA,NA,NA
"190","Of","Of3","Of3_10",0.179691421,0.804947126552024,0.478,"Med",0.033798296,0.691506133918704,0.311,"24",0.125841451,0.314157622038227,0.453,NA,NA,NA,NA,NA,NA,NA
"191","Of","Of3","Of3_11",0.056305659,0.457669645603473,0.479,"Med",0.041954469,0.182948567410065,0.262,"24",0.28679131,0.234579126543269,0.467,NA,NA,NA,NA,NA,NA,NA
"192","Of","Of3","Of3_12",0.071456166,0.219748174006425,0.577,"High",0.029936287,0.182758803722051,0.288,"29",0.165762903,0.68024471675668,0.46,NA,NA,NA,NA,NA,NA,NA
"193","Of","Of3","Of3_13",0.082726643,0.276907501250836,0.574,"High",0.020216376,0.855049836825354,0.256,"24",0.361330307,0.956883508805698,0.491,NA,NA,NA,NA,NA,NA,NA
"194","Of","Of3","Of3_14",0.10575493,0.487241143273415,0.478,"Low",0.046868388,0.599148940219578,0.395,"24",0.129086541,0.0738970068149862,0.448,NA,NA,NA,NA,NA,NA,NA
"195","Of","Of3","Of3_16",0.067652473,0.117526258057115,0.575,"High",0.019802987,0.0177128329175796,0.271,"29",0.225022057,0.832664061905718,0.486,NA,NA,NA,NA,NA,NA,NA
"196","Of","Of3","Of3_17",0.030606613,0.0119861351532102,0.568,"High",0.046979222,0,0.266,"24",0.185367044,0.0339652068897425,0.455,NA,NA,NA,NA,NA,NA,NA
"197","Of","Of3","Of3_18",0.026035831,0,0.525,"Low",0.035024535,0.0046464856706877,0.346,"24",0.034674789,0.0134809760486214,0.502,NA,NA,NA,NA,NA,NA,NA
"198","Of","Of3","Of3_19",0.094552407,0.051857474130722,0.573,"High",0.021660792,0.0274548594529692,0.249,"29",0.250676705,0.665283828427536,0.483,NA,NA,NA,NA,NA,NA,NA
"199","Of","Of3","Of3_2",0.053034114,0.125245026248577,0.494,"Med",0.024821305,0.212163582857549,0.288,"24",0.155028353,0.170501172775795,0.438,NA,NA,NA,NA,NA,NA,NA
"200","Of","Of3","Of3_20",0.032628649,0.213397618761353,0.502,"Med",0.034763571,0.0294002017226596,0.265,"24",0.365375267,0.0536686190091789,0.456,NA,NA,NA,NA,NA,NA,NA
"201","Of","Of3","Of3_21",0.087154561,0.785277422256765,0.488,"Med",0.028183141,0.134691977732361,0.269,"24",0.08343525,0.298795808725928,0.455,NA,NA,NA,NA,NA,NA,NA
"202","Of","Of3","Of3_22",0.076035179,0.896335313421173,0.479,"Low",0.026716833,0.582266468484494,0.38,"24",0.098406674,0.635055077666785,0.484,NA,NA,NA,NA,NA,NA,NA
"203","Of","Of3","Of3_23",0.073500411,0.799200116037446,0.531,"High",0.072680574,0.950811987258108,0.369,"24",0.22280883,0.555809345617048,0.476,NA,NA,NA,NA,NA,NA,NA
"204","Of","Of3","Of3_24",0.116398787,0.872490836180277,0.5,"Med",0.036410867,1,0.31,"29",0.281369987,0.504246574102447,0.44,NA,NA,NA,NA,NA,NA,NA
"205","Of","Of3","Of3_25",0.094380793,0.0622585783952885,0.562,"High",0.010747295,0.0605442578807039,0.29,"29",0.050676396,0.524336004478298,0.433,NA,NA,NA,NA,NA,NA,NA
"206","Of","Of3","Of3_26",0.04663476,0.437687145811408,0.465,"Low",0.099163865,0.736623648140379,0.363,"29",0.272818238,0.269619672567492,0.45,NA,NA,NA,NA,NA,NA,NA
"207","Of","Of3","Of3_27",0.020545775,0.174810976952682,0.578,"High",0.060817725,0.106014389719444,0.294,"24",0.240920363,0.221138148459456,0.508,NA,NA,NA,NA,NA,NA,NA
"208","Of","Of3","Of3_28",0.111433501,0.583977820099182,0.503,"Med",0.04462392,0.790001147366704,0.327,"29",0.214217618,0.333681728269427,0.438,NA,NA,NA,NA,NA,NA,NA
"209","Of","Of3","Of3_29",0.055223409,0.429834148775567,0.508,"Med",0.019570398,0.484047028578571,0.336,"29",0.266571001,0.110390304607814,0.46,NA,NA,NA,NA,NA,NA,NA
"210","Of","Of3","Of3_3",0.033126021,0.175347048170983,0.511,"Low",0.049692978,0.124278283342166,0.395,"24",0.084743942,0.0323957198026025,0.463,NA,NA,NA,NA,NA,NA,NA
"211","Of","Of3","Of3_30",0.102161309,0.880743922339523,0.422,"Low",0.077596637,0.940888817127474,0.372,"29",0.170984778,0.598025977493739,0.45,NA,NA,NA,NA,NA,NA,NA
"212","Of","Of3","Of3_31",0.204638116,0.81439963511001,0.456,"Med",0.05451716,0.652716740930745,0.287,"24",0.389925788,0.388137916643769,0.488,NA,NA,NA,NA,NA,NA,NA
"213","Of","Of3","Of3_32",0.060022375,0.0140336332909186,0.516,"Med",0.048091043,0.00379677770764922,0.259,"24",0.337943833,0.0258267769603004,0.487,NA,NA,NA,NA,NA,NA,NA
"214","Of","Of3","Of3_33",0.030991592,0.103760723230998,0.577,"High",0.041882877,0.250782485644432,0.29,"24",0.240072843,0.398771851091879,0.511,NA,NA,NA,NA,NA,NA,NA
"215","Of","Of3","Of3_34",0.028527396,0.123400607612416,0.502,"Low",0.035289989,0.0308394825512697,0.349,"29",0.105222509,0.0112789365248837,0.469,NA,NA,NA,NA,NA,NA,NA
"216","Of","Of3","Of3_35",0.095602582,0.823884453246252,0.451,"Low",0.087227128,0.967272005103733,0.395,"24",0.120119914,0.604036654571697,0.467,NA,NA,NA,NA,NA,NA,NA
"217","Of","Of3","Of3_36",0.099509986,0.608612416044356,0.486,"Low",0.145674268,0.328009508172027,0.406,"29",0.182445293,0.392215380420913,0.471,NA,NA,NA,NA,NA,NA,NA
"218","Of","Of3","Of3_37",0.082633918,0.0251963606518089,0.512,"Med",0.069682775,0.00377668656278399,0.277,"29",0.18826344,0.0189610579728066,0.457,NA,NA,NA,NA,NA,NA,NA
"219","Of","Of3","Of3_38",0.017215808,0,0.552,"High",0.015142085,0.00630692536727934,0.298,"29",0.375203317,0.249361574807186,0.448,NA,NA,NA,NA,NA,NA,NA
"220","Of","Of3","Of3_39",0.092817257,0.842077459798236,0.491,"Med",0.069235105,0.514250913608061,0.309,"24",0.237349766,0.250377070099997,0.486,NA,NA,NA,NA,NA,NA,NA
"221","Of","Of3","Of3_4",0.076977402,0.742231103096984,0.47,"Low",0.057025056,0.677491504786948,0.362,"24",0.075005369,0.210437748796356,0.456,NA,NA,NA,NA,NA,NA,NA
"222","Of","Of3","Of3_5",0.068447768,0.144196754523829,0.538,"Med",0.0176105,0.0195835439084637,0.272,"29",0.451493982,0.0377260111520158,0.471,NA,NA,NA,NA,NA,NA,NA
"223","Of","Of3","Of3_7",0.078493038,0.0127888539617998,0.572,"High",0.045645095,0.0545012558304457,0.311,"24",0.11658625,0.0402450803589617,0.47,NA,NA,NA,NA,NA,NA,NA
"224","Of","Of3","Of3_8",0.102483121,0.040764595762067,0.476,"Low",0.072976853,0.38281831637766,0.342,"29",0.132907971,0.20743442091972,0.453,NA,NA,NA,NA,NA,NA,NA
"225","Of","Of3","Of3_9",0.068040708,0.703333524983308,0.459,"Med",0.029051958,0.940903329131895,0.328,"29",0.069212935,0.731229805526958,0.403,NA,NA,NA,NA,NA,NA,NA
"226","Mc","Mc1","Mc1_1",0.565218891,0,0.438,"Heat",0.002278949,0,0.268,"24",1.522734341,0.999080979549538,0.374,"Heat",NA,NA,0.39,NA,NA,0.506
"227","Mc","Mc1","Mc1_10",0.250096164,0,0.473,"Control",0.165448271,0,0.476,"29",NA,NA,0.443,"Control",NA,NA,0.436,3.656675849,0.945603743067793,0.505
"228","Mc","Mc1","Mc1_11",0.405956991,0,0.417,"Heat",0.021389515,0,0.228,"29",NA,NA,0.402,"Heat",NA,NA,0.379,0.305196235,1,0.475
"229","Mc","Mc1","Mc1_12",0.276780121,0,0.467,"DCMU",0.002847587,0,0,"29",2.252481673,0.999569613812347,0.402,"Heat",0.1033996859,0.99932401245331,0.367,0.871150337,1,0.461
"230","Mc","Mc1","Mc1_13",0.064711415,0,0.47,"DCMU",0.016845855,0,0,"24",0.035955941,0.985479812640698,0.319,"Control",0.375550299,0.950645761568146,0.382,0.460370786,0.600099509789485,0.504
"231","Mc","Mc1","Mc1_16",0.464299988,0,0.439,"Heat",0.000680537,0.499176385707169,0.204,"24",0.164407958,0.995350547447344,0.351,"Heat",0.157364527,0.996196588828434,0.372,NA,NA,0.468
"232","Mc","Mc1","Mc1_19",0.150198663,0,0.45,"Control",2.38806168,0,0.451,"24",0.011145547,0,0.439,"Control",0.178792861,0,0.446,NA,NA,0.505
"233","Mc","Mc1","Mc1_22",0.410016394,0,0.49,"DCMU",0.00870049,0,0,"24",NA,NA,0.361,"Heat",0.473641952,0.989591139511223,0.375,NA,NA,0.443
"234","Mc","Mc1","Mc1_23",0.164534524,0,0.465,"Control",0.031522449,0,0.473,"29",0.012134757,0,0.407,"Heat",0.030287085,0.592741625679725,0.274,1.062764445,0.999138892908673,0.484
"235","Mc","Mc1","Mc1_24",0.21732711,0,0.497,"DCMU",0.011680553,0,0,"29",0.045583279,0.998610347886557,0.369,"Control",NA,NA,0.411,0.480145724,0.998563933894369,0.443
"236","Mc","Mc1","Mc1_25",NA,NA,0.479,"Control",0.657708404,0,0.46,"24",0.134510962,0,0.289,"Heat",0.032069331,0,0.217,0.889825493,0.994294285744857,0.472
"237","Mc","Mc1","Mc1_26",0.853781273,0.00708378737185056,0.439,"Heat",0.008127953,0,0.255,"24",0.932682487,0.999818679987716,0.323,"Control",NA,NA,0.371,1.307580087,0.993404439172986,0.478
"238","Mc","Mc1","Mc1_30",0.786942977,0,0.486,"Control",0.4859948,0,0.486,"24",0.044796716,0,0.447,"Control",3.301281296,0,0.463,NA,NA,0.519
"239","Mc","Mc1","Mc1_9",0.10316695,0,0.475,"Heat",0.003760698,0,0.14,"29",1.043706278,0.999837407320836,0.393,"Control",0.572758968,0.999790297478153,0.417,1.298864627,0.999478087257203,0.486
"240","Mc","Mc2","Mc2_13",0.377936562,0,0.475,"DCMU",0.018992594,0,0,"29",NA,NA,0.395,"Control",0.556624135,0.993895487481872,0.434,1.24511401,0.985612802638049,0.493
"241","Mc","Mc2","Mc2_14",0.083693738,0,0.492,"Control",0.127122795,0,0.435,"24",0.169847181,0,0.474,"Control",0.072714526,0,0.444,0.012725245,0,0.515
"242","Mc","Mc2","Mc2_15",0.130065298,0,0.495,"DCMU",0.001162832,0,0,"24",0.043584221,0.925106519627826,0.39,"Control",0.702327109,0.960562718361481,0.405,0.015356718,0.336349863297613,0.525
"243","Mc","Mc2","Mc2_17",0.096335166,0,0.46,"Heat",0.011166572,0,0.197,"24",0.942414604,0.999567342231042,0.352,"Control",1.284244987,0.998687492638038,0.389,1.611013991,0.995289920483378,0.508
"244","Mc","Mc2","Mc2_19",0.9623517,0,0.464,"DCMU",0.002073695,0,0,"24",0.651247827,0.860864707345887,0.407,"Heat",0.011336633,0.95944757142619,0.351,NA,NA,0.493
"245","Mc","Mc2","Mc2_20",0.07459053,0,0.502,"Heat",0.008131338,0,0.175,"29",NA,NA,0.397,"Heat",0.496239259,1,0.375,NA,NA,0.485
"246","Mc","Mc2","Mc2_21",0.557240072,0,0.505,"Control",0.042408301,0,0.469,"29",0.053316646,0,0.405,"Control",0.088242202,0.00170722167608646,0.437,NA,NA,0.541
"247","Mc","Mc2","Mc2_22",0.4194047,0,0.456,"Control",0.625895401,0,0.446,"24",NA,NA,0.441,"Heat",0.010557114,0,0.233,0.190930074,0.962129737612735,0.497
"248","Mc","Mc2","Mc2_23",0.045650295,0,0.459,"Heat",0.087520062,0.0317175506571282,0.247,"24",1.401104516,0.999531924997378,0.373,"Heat",0.215650356,0.999039139077517,0.402,NA,NA,0.479
"249","Mc","Mc2","Mc2_4",0.121639092,0,0.492,"DCMU",NA,NA,0,"29",NA,NA,0.387,"Heat",0.0411405256,0.997988076263177,0.336,0.3682707769,0.999872889995796,0.49
"250","Mc","Mc2","Mc2_5",0.086304682,0,0.463,"Heat",0.039746412,0,0.173,"29",0.048259687,1,0.387,"Control",0.172238413,0.998440823999,0.437,0.2038027489,0.999907631766001,0.535
"251","Mc","Mc2","Mc2_7",0.495167786,0,0.464,"Control",0.081894832,0,0.473,"29",0.136272185,0,0.438,"Heat",0.007687469,0,0.197,1.084649785,0.999152153061091,0.534
"252","Mc","Mc3","Mc3_1",0.095376284,0,0.46,"Heat",0.001944119,0,0.191,"29",NA,NA,0.36,"Heat",0.555536784,1,0.356,NA,NA,0.479
"253","Mc","Mc3","Mc3_11",0.156154253,0,0.453,"DCMU",NA,NA,0,"29",0.185372358,0.999330121268674,0.373,"Heat",0.1126572252,0.9998610368756,0.328,0.0988902583,0.999049549453953,0.466
"254","Mc","Mc3","Mc3_14",1.153220388,0,0.459,"Control",0.068133075,0,0.486,"29",NA,NA,0.435,"Control",0.442320236,0.0118538460899175,0.44,NA,NA,0.532
"255","Mc","Mc3","Mc3_15",0.042304873,0,0.47,"Control",0.29170647,0,0.494,"29",0.062889309,0,0.441,"Control",0.078914218,0.107509194350757,0.438,0.349946759,0.693137386650293,0.531
"256","Mc","Mc3","Mc3_23",0.273196794,0,0.467,"DCMU",0.035153311,0,0,"29",0.247748992,0.998085788377294,0.385,"Control",0.534255693,0.996493692019488,0.392,0.215846747,0.996823941015891,0.482
"257","Mc","Mc3","Mc3_25",0.530845373,0,0.484,"DCMU",0.01317185,0,0.06,"29",0.364590404,0.999512878018589,0.365,"Control",0.5338050762,0.999894180099594,0.394,NA,NA,0.507
"258","Mc","Mc3","Mc3_26",0.097487241,0,0.494,"Heat",0.000976713,0,0.2,"29",NA,NA,0.392,"Control",1.712599242,1,0.409,0.2620583524,0.999936844600264,0.495
"259","Mc","Mc3","Mc3_27",0.331949892,0,0.449,"Heat",6.54298e-05,0,0.207,"29",NA,NA,0.355,"Heat",0.417523972,0.995030721254012,0.365,0.2292247387,0.99996103518298,0.478
"260","Mc","Mc3","Mc3_28",0.22657276,0,0.479,"DCMU",NA,NA,0.048,"24",2.906465777,0.962292916411656,0.402,"Control",NA,NA,0.405,0.675224161,0.597958093504892,0.544
"261","Mc","Mc3","Mc3_29",0.091600856,0,0.506,"Heat",0.000464981,0,0.162,"29",0.937069688,0.999852923425264,0.372,"Control",0.38005451,1,0.395,NA,NA,0.504
"262","Mc","Mc3","Mc3_30",0.034889927,0,0.493,"Control",0.036111156,0,0.45,"24",0.048331553,0,0.457,"Heat",0.111702771,0,0.172,0.89307983,0.998437390529803,0.485
"263","Mc","Mc3","Mc3_31",0.326410358,0,0.473,"DCMU",0.002585275,0,0,"24",0.104538353,0.117632004399381,0.445,"Control",0.362756572,0.120882353028741,0.461,0.021738637,0.0847681480674248,0.535
"264","Mc","Mc3","Mc3_32",0.101767911,0,0.485,"Control",0.207661587,0,0.452,"24",0.168301158,0,0.459,"Control",0.212521834,0,0.449,NA,NA,0.527
"265","Mc","Mc3","Mc3_36",0.076082696,0,0.493,"DCMU",0.00153497,0,0,"24",0.317426453,0.941384103863581,0.36,"Heat",0.069235411,0.991281036809329,0.346,NA,NA,0.482
"266","Mc","Mc3","Mc3_37",0.232705875,0,0.45,"Heat",0.000444559,0,0.17,"24",3.990617143,0.999899783921717,0.288,"Control",NA,NA,0.32,NA,NA,0.443
"267","Mc","Mc3","Mc3_39",0.052490294,0,0.475,"DCMU",NA,NA,0,"29",0.979270884,0.997985048843748,0.396,"Control",1.501329463,0.998734816676278,0.424,0.491400563,0.993363532226967,0.501
"268","Mc","Mc3","Mc3_4",0.108804793,0,0.463,"Control",0.368106931,0,0.481,"29",0.102651783,0,0.393,"Heat",0.002575824,0,0.192,0.45923968,0.999678666704062,0.49
"269","Mc","Mc3","Mc3_42",0.148940439,0,0.477,"Control",0.221557491,0,0.48,"24",0.26967073,0,0.463,"Control",0.818591602,0,0.453,0.337597943,0,0.499
"270","Mc","Mc3","Mc3_6",0.045990074,0,0.47,"Control",0.122484935,0,0.454,"24",0.202476359,0,0.437,"Control",0.594231761,0,0.441,NA,NA,0.508
"271","Mc","Mc4","Mc4_10",0.231483556,0,0.445,"DCMU",0.01057322,0,0,"24",0.501171595,0.952241620956192,0.315,"Heat",0.120167428,0.995201836224705,0.305,0.1422274433,0.999776313914799,0.442
"272","Mc","Mc4","Mc4_12",1.400946933,0,0.492,"DCMU",0.000469629,0,0,"29",0.193791409,0.999794520303013,0.342,"Control",0.043465823,1,0.385,NA,NA,0.456
"273","Mc","Mc4","Mc4_13",0.019113578,0,0.467,"Control",1.5128769,0,0.449,"24",0.46956846,0,0.45,"Heat",NA,NA,0.176,NA,NA,0.449
"274","Mc","Mc4","Mc4_15",NA,NA,0.495,"DCMU",0.11246584,0,0,"24",0.093517812,0.858692042538378,0.41,"Control",1.159271689,0.940763505525408,0.417,0.020367585,0.0206664658573906,0.519
"275","Mc","Mc4","Mc4_16",0.246779658,0,0.457,"Heat",0.125695337,0,0.137,"24",1.204230009,0.999673466865083,0.347,"Control",0.3876647329,0.999799352653469,0.361,0.0554310347,0.99941215782501,0.479
"276","Mc","Mc4","Mc4_17",0.259937216,0,0.499,"DCMU",0.000254917,0,0,"29",NA,NA,0.381,"Heat",0.088630318,1,0.321,NA,NA,0.442
"277","Mc","Mc4","Mc4_18",0.047070993,0.00833831995003809,0.46,"Heat",0.106474668,0,0.231,"24",0.557153297,0.996914744991628,0.4,"Control",1.511866908,0.997759060019058,0.419,0.082209069,0.987650291964747,0.478
"278","Mc","Mc4","Mc4_20",0.018742779,0,0.48,"Control",0.661261773,0,0.45,"24",0.285211921,0,0.462,"Heat",0.328362194,0,0.297,0.020892513,0.919431472891748,0.528
"279","Mc","Mc4","Mc4_21",0.093464814,0,0.478,"Heat",0.011954099,0.0813135310323261,0.216,"24",0.616312198,0.999807944739072,0.386,"Control",NA,NA,0.396,NA,NA,NA
"280","Mc","Mc4","Mc4_23",NA,NA,0.463,"Control",0.714293132,0,0.481,"29",0.012278903,0,0.339,"Control",NA,NA,0.426,0.151113652,0.991065413467739,0.44
"281","Mc","Mc4","Mc4_3",NA,NA,0.449,"Control",0.409907181,0,0.49,"29",0.232402111,0,0.424,"Heat",NA,NA,0.187,0.095419664,1,0.466
"282","Mc","Mc4","Mc4_5",0.083895306,0,0.484,"Control",NA,NA,0.483,"24",0.047868165,0,0.459,"Control",NA,NA,0.455,NA,NA,0.531
"283","Mc","Mc4","Mc4_6",0.048303511,0,0.51,"DCMU",0.077393339,0,0.084,"29",0.841252687,0.999843269445629,0.37,"Heat",NA,NA,0.338,0.185664631,1,0.468
"284","Mc","Mc4","Mc4_7",0.053173604,0,0.455,"Heat",0.045419577,0,0.087,"29",NA,NA,0.404,"Control",0.107137265,1,0.456,NA,NA,0.449
"285","Mc","Mc4","Mc4_8",NA,NA,NA,"Heat",NA,NA,0.152,"24",0.732046533,0.999515753460989,0.353,"Heat",0.117881487,0.998959208921414,0.345,NA,NA,0.438
"286","Mc","Mc4","Mc4_9",0.093082785,0,0.482,"Heat",0.009937819,0,0.069,"29",0.995712269,1,0.403,"Heat",0.143693116,1,0.378,NA,NA,0.431
"287","Mc","Mc5","Mc5_10",0.130763327,0,0.442,"Control",0.379215101,0,0.457,"24",0.089754133,0,0.445,"Control",NA,NA,0.406,NA,NA,0.528
"288","Mc","Mc5","Mc5_10",0.130763327,0,0.442,"Control",0.379215101,0,0.457,"24",0.089754133,0,0.445,"Control",NA,NA,0.466,NA,NA,0.558
"289","Mc","Mc5","Mc5_12",0.720986196,0,0.433,"DCMU",0.002751486,0,0,"29",NA,NA,0.416,"Heat",0.097131517,1,0.396,0.433426301,0.999702973724246,0.557
"290","Mc","Mc5","Mc5_13",0.204801636,0,0.464,"DCMU",0.006704335,0.74761285049151,0,"24",0.011251989,0.197520545034305,0.463,"Heat",0.009045031,0.255037047413105,0.306,0.679304991,0.984008769044949,0.513
"291","Mc","Mc5","Mc5_15",NA,NA,0.448,"Control",0.128116988,0,0.451,"24",0.105617486,0,0.476,"Heat",0.003431089,0,0.238,NA,NA,0.481
"292","Mc","Mc5","Mc5_19",0.299931832,0,0.447,"DCMU",0.024928659,0,0,"24",0.119593322,0.134327199306329,0.458,"Control",0.078817291,0.108654051558306,0.474,0.125600939,0.035250381368566,0.546
"293","Mc","Mc5","Mc5_2",0.132383824,0,0.463,"Heat",0.008172097,0,0.243,"29",2.312419749,0.999956641954799,0.412,"Heat",0.04697417746,0.999872239167889,0.388,NA,NA,0.491
"294","Mc","Mc5","Mc5_20",NA,NA,0.445,"Control",NA,NA,0.487,"29",0.26206434,0,0.412,"Heat",0.006574959,0.0588916219857797,0.255,0.657419562,0.999604377455382,0.523
"295","Mc","Mc5","Mc5_21",0.043210943,0,0.477,"Control",NA,NA,0.465,"24",0.142809064,0,0.465,"Heat",NA,NA,0.223,0.107701921,0.959475021805786,0.512
"296","Mc","Mc5","Mc5_22",0.100978053,0,0.444,"Heat",0.000457518,0,0.219,"29",0.366173131,1,0.449,"Control",1.092454855,1,0.467,0.304789383,1,0.481
"297","Mc","Mc5","Mc5_26",1.118120278,0,0.473,"DCMU",0.047239259,0,0,"29",0.122989303,0.994555624077323,0.41,"Control",0.150124778,0.995670508168878,0.448,0.932688014,0.997160071792238,0.531
"298","Mc","Mc5","Mc5_27",0.820272959,0,0.471,"DCMU",0.005289686,0,0,"24",0.002947642,0.641677652849294,0.416,"Heat",0.04196151,0.885273504218509,0.371,0.546245863,0.997580854905257,0.491
"299","Mc","Mc5","Mc5_3",0.473945224,0,0.49,"Heat",0.002810087,0,0.373,"24",0.580814581,0.999766298911149,0.352,"Control",NA,NA,0.355,NA,NA,0.504
"300","Mc","Mc5","Mc5_31",0.140365097,0,0.441,"Control",0.219858248,0,0.454,"29",0.023438184,0,0.375,"Heat",NA,NA,0.164,0.36356687,0.999718293913854,0.527
"301","Mc","Mc5","Mc5_4",0.302712635,0,0.419,"Heat",0.000939879,0,0.276,"24",0.036707508,0.967177287000796,0.4,"Control",1.63511037,0.974707167932645,0.447,0.119007408,0.998197860086155,0.505
"302","Mc","Mc5","Mc5_9",0.093243705,0,0.414,"Heat",0.014266565,0,0.186,"24",0.025603918,0.999195470786932,0.379,"Heat",0.07370588092,0.999919193422212,0.392,NA,NA,0.482
"303","Mc","Mc6","Mc6_12",0.123679562,0,0.415,"Control",0.019562218,0,0.475,"29",0.057804058,0,0.4,"Control",0.063914683,0,0.448,0.021426647,0.186776867141182,0.487
"304","Mc","Mc6","Mc6_13",0.403287381,0,0.481,"DCMU",0.002472771,0,0,"29",0.011687811,0.998463749969947,0.42,"Heat",0.075637144,0.998105930599389,0.394,1.845487184,0.999795558591102,0.52
"305","Mc","Mc6","Mc6_14",0.020300897,0,0.437,"Control",0.146289293,0,0.464,"29",NA,NA,0.402,"Heat",0.003500546,0.361448471181353,0.203,0.331413857,0.999144130536461,0.555
"306","Mc","Mc6","Mc6_16",0.03541915,0,0.435,"Heat",0.016134963,0,0.203,"24",0.081907521,0.998882486017371,0.302,"Control",1.610707243,0.996502599075976,0.346,0.0370910288,0.999121140581574,0.492
"307","Mc","Mc6","Mc6_20",0.07724282,0,0.47,"DCMU",0.005165828,0,0,"24",0.136067463,0.989404741087882,0.426,"Control",NA,NA,0.426,0.135587407,0.918945761681245,0.527
"308","Mc","Mc6","Mc6_22",0.038991908,0,0.449,"Control",0.044516987,0,0.474,"29",NA,NA,0.425,"Control",0.304231019,0,0.452,0.072086544,0.00148262066773516,0.519
"309","Mc","Mc6","Mc6_25",NA,NA,NA,"Control",0.05426871,0,0.47,"29",0.042399164,0,0.44,"Heat",0.013599197,0,0.198,0.113800646,0.998174667655226,0.522
"310","Mc","Mc6","Mc6_26",0.062882866,0,0.479,"Heat",0.011748085,0,0.14,"29",0.403619111,0.999803723367301,0.384,"Heat",0.0512548224,0.999580363388402,0.338,1.0806563256,0.999971485291605,0.505
"311","Mc","Mc6","Mc6_27",0.002437258,0,0.432,"Control",0.623198679,0,0.443,"24",0.007907549,0,0.464,"Heat",0.009904424,0,0.232,0.092124352,0.991136035344922,0.494
"312","Mc","Mc6","Mc6_28",0.029846609,0,0.457,"Heat",0.003152689,0,0.16,"29",0.033721842,0.999791489148191,0.442,"Heat",0.1215474262,0.999842241003372,0.393,0.56733500412,0.9999879786723,0.511
"313","Mc","Mc6","Mc6_30",0.007190221,0,0.456,"Heat",0.016313961,0,0.23,"29",0.043801444,1,0.41,"Control",0.107611542,1,0.474,0.3363695091,0.999864193695433,0.511
"314","Mc","Mc6","Mc6_31",NA,NA,0.451,"Control",0.04541024,0,0.431,"24",0.120900226,0,0.453,"Control",0.06780912,0,0.456,NA,NA,0.542
"315","Mc","Mc6","Mc6_32",0.021765708,0,0.432,"Heat",0.039669399,0,0.106,"29",0.058010541,0.998804046664554,0.41,"Control",0.308132224,0.999283460207005,0.468,NA,NA,NA
"316","Mc","Mc6","Mc6_34",0.093277366,0,0.477,"DCMU",0.001197218,0,0.052,"29",0.141401545,0.999574174384021,0.446,"Control",0.156900908,0.998696463885346,0.508,0.42374738,0.997953917732778,0.576
"317","Mc","Mc6","Mc6_35",0.054093894,0,0.466,"DCMU",0.00162403,0,0.083,"24",0.023157193,0.970118917262554,0.429,"Control",0.237450352,0.989963409277237,0.457,NA,NA,0.524
"318","Mc","Mc6","Mc6_37",0.097931551,0,0.415,"Heat",0.030669001,0,0.146,"29",0.073695362,0.999895998204066,0.389,"Control",0.186404082,1,0.458,0.097600719,1,0.494
"319","Mc","Mc6","Mc6_38",0.023065462,0,0.456,"Heat",0.022400846,0,0.271,"24",0.237351581,0.998167684419174,0.389,"Heat",0.515270374,0.997121276372858,0.387,1.3796739243,0.999966406337625,0.505
"320","Mc","Mc6","Mc6_5",0.201518567,0,0.45,"DCMU",0.000246152,0,0,"24",NA,NA,0.404,"Heat",0.01606275,0.953646044419542,0.386,0.416487198,0.998902604924726,0.509
"321","Mc","Mc6","Mc6_6",0.058258517,0,0.462,"DCMU",0.001020014,0,0,"29",0.17766844,0.99845748068706,0.449,"Control",0.345019162,0.997775885850653,0.476,0.281629847,0.993807936131145,0.519
"322","Mc","Mc6","Mc6_7",0.097168514,0,0.462,"DCMU",0.001510324,0,0.055,"24",0.034686027,0.751411339211608,0.405,"Heat",0.024933317,0.863169108225753,0.42,0.091254865,0.998562421850057,0.524
"323","Mc","Mc7","Mc7_1",0.021728618,0,0.488,"DCMU",0.000349464,0,0.073,"24",0.061183552,0.542055028122591,0.449,"Heat",0.342783832,0.706863114243965,0.337,0.305859106,0.984055302247565,0.501
"324","Mc","Mc7","Mc7_10",0.048373233,0,0.436,"Heat",NA,NA,0.147,"24",NA,NA,0.398,"Heat",0.92551574,0.995974320220637,0.396,0.0916232958,0.999885216964658,0.509
"325","Mc","Mc7","Mc7_13",0.827223816,0,0.495,"DCMU",0.031996869,0,0.069,"29",0.109288946,0.997943900017116,0.422,"Control",0.201895597,0.991132223651217,0.459,0.675989622,0.99437760007505,0.506
"326","Mc","Mc7","Mc7_16",0.181203229,0,0.421,"Heat",0.004491435,0,0.189,"29",5.568133107,0.999824060958821,0.411,"Heat",0.048029272,1,0.433,NA,NA,0.565
"327","Mc","Mc7","Mc7_17",0.093339909,0,0.462,"Control",0.031967039,0,0.482,"29",0.060089,0,0.43,"Control",0.072712026,0,0.436,NA,NA,0.539
"328","Mc","Mc7","Mc7_18",0.014789402,0,0.463,"Heat",0.00748501,0,0.177,"29",0.494830723,1,0.443,"Control",0.313303283,1,0.472,NA,NA,0.546
"329","Mc","Mc7","Mc7_19",NA,NA,0.5,"Control",0.0072552,0,0.45,"24",0.021257832,0,0.466,"Heat",NA,NA,0.252,0.149524699,0.953514061245494,0.515
"330","Mc","Mc7","Mc7_2",0.067657424,0,0.45,"Heat",0.002619977,0,0.221,"24",0.050814597,0.986233247112045,0.386,"Control",0.410770187,0.99330262008523,0.416,0.257182955,0.857660858589948,0.515
"331","Mc","Mc7","Mc7_22",0.020118888,0,0.427,"Heat",0.004865687,0,0.154,"24",0.175358871,0.990196743454171,0.384,"Control",0.38529934,0.988411041659194,0.422,1.205936905,0.971414357702238,0.516
"332","Mc","Mc7","Mc7_26",NA,NA,0.471,"DCMU",0.001836884,0,NA,"29",0.15195684,0.998512893529505,0.453,"Control",0.059467848,0.988970510585821,0.485,0.08017714,0.985845129921072,0.569
"333","Mc","Mc7","Mc7_28",0.225812294,0,0.463,"DCMU",0.012015521,0,0.043,"24",0.406383906,0.720257876058704,0.453,"Control",0.108487594,0.3252409948367,0.471,0.07353116,0.00767728946476569,0.558
"334","Mc","Mc7","Mc7_29",0.226519598,0,0.468,"Control",0.320023679,0,0.47,"29",0.007062528,0.143447785268958,0.402,"Heat",0.00682696,0.127479727433587,0.25,0.144104267,0.998436319723968,0.519
"335","Mc","Mc7","Mc7_31",0.68945552,0,0.436,"Heat",0.018755991,0,0.219,"24",NA,NA,0.407,"Control",0.628705674,0.989159830614158,0.432,NA,NA,0.519
"336","Mc","Mc7","Mc7_35",0.235417838,0,0.499,"DCMU",0.064861263,0,0.047,"29",0.304899244,0.997120593057292,0.45,"Heat",0.0163376378,0.995630163866162,0.4,0.3147509859,0.999803632386335,0.531
"337","Mc","Mc8","Mc8_10",0.240760543,0,0.455,"Heat",0.011826971,0,0.202,"24",0.050887537,0.997321387356594,0.312,"Control",NA,NA,0.347,NA,NA,0.496
"338","Mc","Mc8","Mc8_11",0.550717025,0,0.481,"Control",0.059998703,0,0.491,"29",NA,NA,0.42,"Heat",0.042017588,0,0.221,NA,NA,0.526
"339","Mc","Mc8","Mc8_13",0.187592875,0,0.461,"Heat",0.033885918,0,0.224,"29",0.087346287,0.999886719855648,0.415,"Control",1.197680685,0.999403117200642,0.465,0.189068637,0.997613015002589,0.516
"340","Mc","Mc8","Mc8_14",0.979634018,0,0.472,"DCMU",0.052063174,0,0,"29",0.1541316,0.984410451847642,0.423,"Control",0.231385843,0.974861279650544,0.453,NA,NA,0.498
"341","Mc","Mc8","Mc8_16",0.036780607,0,0.484,"DCMU",0.005832078,0,0,"29",0.544750243,0.995095014579002,0.411,"Heat",0.016408261,0.988413397373433,0.397,NA,NA,0.53
"342","Mc","Mc8","Mc8_18",0.109398413,0,0.509,"DCMU",0.003682654,0,0.045,"24",0.129078652,0.234008331602347,0.489,"Heat",0.011313709,0.460068842145401,0.322,1.186441242,0.982257234277768,0.515
"343","Mc","Mc8","Mc8_19",0.021639977,0,0.501,"Control",0.034660443,0,0.469,"24",0.054786707,0,0.478,"Control",0.144730399,0,0.463,0.378175975,0,0.541
"344","Mc","Mc8","Mc8_22",0.029856969,0,0.466,"Heat",0.001916757,0,0.259,"24",NA,NA,0.379,"Heat",0.287576694,0.993943984208957,0.387,0.154982761,0.998534720903572,0.494
"345","Mc","Mc8","Mc8_23",0.06394342,0,0.484,"DCMU",0.716159708,0,0,"24",0.1149039,0.0612843080173954,0.473,"Heat",0.031362827,0.577608517242403,0.328,1.173651911,0.981268578192602,0.505
"346","Mc","Mc8","Mc8_25",0.023732581,0,0.493,"Control",0.104306774,0,0.444,"24",0.389367351,0,0.455,"Heat",0.068662884,0,0.247,NA,NA,0.535
"347","Mc","Mc8","Mc8_28",0.105907205,0,0.45,"Control",0.252682028,0,0.466,"24",0.125807058,0,0.447,"Heat",NA,NA,0.186,0.139722875,0.94147311240196,0.491
"348","Mc","Mc8","Mc8_29",0.03122982,0,0.454,"Control",0.148832866,0,0.495,"29",0.041561047,0,0.385,"Control",0.066427691,0,0.421,0.325750903,0.00393374504321788,0.558
"349","Mc","Mc8","Mc8_5",0.065919877,0,0.465,"Control",0.109846824,0,0.467,"29",0.061005132,0.00402754640380076,0.39,"Control",NA,NA,0.424,0.042757205,0.0734331909674639,0.527
"350","Mc","Mc8","Mc8_7",0.575780624,0,0.476,"Control",0.065227465,0,0.482,"29",0.009253849,0.0342024167457239,0.398,"Heat",0.034744391,0.111265786756775,0.196,0.346508495,0.998496989229658,0.496
"351","Mc","Mc8","Mc8_8",0.04459604,0,0.508,"DCMU",0.004564942,0,0,"24",0.136067463,0.989404741087882,0.48,"Control",0.04429055,0.0572314410184565,0.476,0.236886911,0.0242770103916801,0.556
"352","Mc","Mc8","Mc8_9",0.046670603,0,0.487,"DCMU",0.013811827,0,0,"29",0.533600687,0.96575184506837,0.425,"Heat",0.077116053,0.983175409664704,0.391,0.752116224,0.995818821746358,0.497
"353","Mc","Mc9","Mc9_10",0.052733394,0,0.457,"Control",0.049049843,0,0.472,"29",0.045378732,0,0.423,"Control",NA,NA,0.416,0.406345585,0.103841344800141,0.5
"354","Mc","Mc9","Mc9_12",0.081462675,0,0.418,"Control",0.505901517,0,0.445,"24",0.136619618,0,0.456,"Control",1.137912575,0,0.47,0.07284317,0,0.53
"355","Mc","Mc9","Mc9_13",NA,NA,0.477,"Control",0.056498956,0,0.478,"29",0.06957894,0,0.45,"Control",0.330638099,0,0.435,0.052793931,0.329597733497057,0.499
"356","Mc","Mc9","Mc9_15",1.972036883,0,0.417,"Heat",0.023287485,0,0.172,"24",0.097463665,0.996771289074754,0.413,"Control",0.197792221,0.991521319738859,0.422,0.673065663,0.990452375818197,0.496
"357","Mc","Mc9","Mc9_16",0.389979381,0,0.431,"DCMU",0.000320505,0,0,"24",0.170414588,0.0910643635743202,0.467,"Control",NA,NA,0.487,0.168438859,0.15209860807713,0.545
"358","Mc","Mc9","Mc9_17",0.151511879,0,0.443,"Heat",0.010250024,0,0.219,"24",0.4863914,0.993898734640456,0.422,"Heat",0.131034698,0.997599162627902,0.415,2.3845470897,0.99999004142124,0.493
"359","Mc","Mc9","Mc9_2",0.134091043,0,0.432,"Heat",0.005078741,0,0.236,"24",0.068840821,0.996453673903744,0.426,"Heat",0.063123588,0.991595344675274,0.432,NA,NA,0.504
"360","Mc","Mc9","Mc9_2",0.134091043,0,0.432,"Heat",0.005078741,0,0.236,"24",0.068840821,0.996453673903744,0.426,"Heat",0.063123588,0.991595344675274,0.263,NA,NA,0.486
"361","Mc","Mc9","Mc9_21",0.148202285,0,0.455,"DCMU",0.016902106,0,0,"29",NA,NA,0.392,"Heat",NA,NA,0.336,0.407471947,1,0.498
"362","Mc","Mc9","Mc9_23",0.03122305,0,0.39,"Heat",0.004668764,0,0.179,"24",0.704497811,0.996902299814243,0.402,"Heat",0.0367892263,0.997813971423476,0.398,0.163842497,1,0.487
"363","Mc","Mc9","Mc9_25",0.221659595,0,0.428,"Control",0.052219622,0,0.466,"29",0.026226503,0,0.389,"Heat",0.001762345,0,0.143,0.2061129035,0.999733662963027,0.496
"364","Mc","Mc9","Mc9_26",0.058081481,0,0.438,"Heat",0.002098912,0,0.212,"29",0.138459136,1,0.398,"Control",0.6803439665,0.999856812869965,0.471,0.0930168498,0.999818798421617,0.506
"365","Mc","Mc9","Mc9_28",0.477160463,0,0.473,"DCMU",0.714637429,0,0,"29",0.199021113,0.999151662869055,0.387,"Control",0.228269403,0.999430344153483,0.473,NA,NA,0.474
"366","Mc","Mc9","Mc9_5",NA,NA,0.477,"Heat",0.011457542,0,0.24,"24",0.963036401,0.998368543496,0.401,"Heat",0.130834431,0.994727985632467,0.416,NA,NA,NA
"367","Mc","Mc9","Mc9_6",0.055144015,0,0.453,"Heat",0.014069228,0,0.193,"29",NA,NA,0.418,"Heat",0.06319009,1,0.393,1.9054249971,0.99996807216233,0.502
"368","Mc","Mc9","Mc9_8",0.228748105,0,0.427,"Control",0.038500129,0,0.472,"29",0.025062693,0,0.399,"Heat",0.005083902,0.23218779590952,0.214,0.608886839,0.999760806129035,0.533
"369","Mc","Mc9","Mc9_9",0.184188929,0,0.463,"Control",0.386346607,0,0.461,"24",0.042466118,0,0.458,"Heat",0.011543417,0,0.294,1.885643505,0.952570773445323,0.515
